"Quote", "Author", "Icon", "Topic", "Tone", "color1", "color2", "color3", "color4", "type"
"Decaf coffee only works if you throw it at people.","Unknown","😆","Coffee","Humorous","#cdb4db","#ffc8dd","#ffafcc","#bde0fe","Light"
"I like my coffee like I like myself: strong, sweet, and too hot for you.","Jac Vanek","😆","Coffee","Humorous","#70d6ff","#ff70a6","#ff9770","#ffd670","Light"
"Coffee: because adulting is hard.","Unknown","😆","Coffee","Humorous","#ffe5ec","#ffc2d1","#ffb3c6","#ff8fab","Light"
"I can’t espresso how much you bean to me.","Unknown","😆","Coffee","Humorous","#0d1b2a","#1b263b","#415a77","#778da9","Dark"
"Behind every successful person is a substantial amount of coffee.","Unknown","😆","Coffee","Humorous","#000814","#001d3d","#003566","#ffc300","Dark"
"Life happens, coffee helps.","Unknown","😆","Coffee","Humorous","#1d0515","#370617","#510513","#6a040f","Dark"
"Sometimes I look forward to going to bed at night because I know that when I wake up, I get coffee.","Unknown","😆","Coffee","Humorous","#cdb4db","#ffc8dd","#ffafcc","#bde0fe","Light"
"I don’t need an inspirational quote. I need coffee.","Unknown","😆","Coffee","Humorous","#70d6ff","#ff70a6","#ff9770","#ffd670","Light"
"Coffee first. Schemes later.","Leanna Renee Hieber","😆","Coffee","Humorous","#ffe5ec","#ffc2d1","#ffb3c6","#ff8fab","Light"
"I’m not a morning person. I’m a coffee person.","Unknown","😆","Coffee","Humorous","#0d1b2a","#1b263b","#415a77","#778da9","Dark"
"My blood type is coffee.","Unknown","😆","Coffee","Humorous","#000814","#001d3d","#003566","#ffc300","Dark"
"Depresso: the feeling you get when you’ve run out of coffee.","Unknown","😆","Coffee","Humorous","#1d0515","#370617","#510513","#6a040f","Dark"
"May your coffee be strong and your Monday be short.","Unknown","😆","Coffee","Humorous","#cdb4db","#ffc8dd","#ffafcc","#bde0fe","Light"
"Coffee: because crack is bad for you.","Unknown","😆","Coffee","Humorous","#70d6ff","#ff70a6","#ff9770","#ffd670","Light"
"A yawn is a silent scream for coffee.","Unknown","😆","Coffee","Humorous","#ffe5ec","#ffc2d1","#ffb3c6","#ff8fab","Light"
"Drink coffee! Do stupid things faster with more energy!","Unknown","😆","Coffee","Humorous","#0d1b2a","#1b263b","#415a77","#778da9","Dark"
"I have measured out my life with coffee spoons.","T.S. Eliot","🤔","Coffee","Reflective","#000814","#001d3d","#003566","#ffc300","Dark"
"Procaffeinating: the tendency to not start anything until you’ve had a cup of coffee.","Unknown","😆","Coffee","Humorous","#1d0515","#370617","#510513","#6a040f","Dark"
"Coffee is a hug in a mug.","Unknown","☕","Coffee","Warm","#cdb4db","#ffc8dd","#ffafcc","#bde0fe","Light"
"If it wasn’t for coffee, I’d have no discernible personality whatsoever.","David Letterman","😆","Coffee","Humorous","#70d6ff","#ff70a6","#ff9770","#ffd670","Light"
"Coffee and love are best when they are hot.","German Proverb","☕","Coffee","Warm","#ffe5ec","#ffc2d1","#ffb3c6","#ff8fab","Light"
"I’d stop drinking coffee, but I’m no quitter.","Unknown","😆","Coffee","Humorous","#0d1b2a","#1b263b","#415a77","#778da9","Dark"
"Give me coffee to change the things I can, and wine to accept the things I can’t.","Unknown","😆","Coffee","Humorous","#000814","#001d3d","#003566","#ffc300","Dark"
"Coffee is the foundation of my food pyramid.","Unknown","😆","Coffee","Humorous","#1d0515","#370617","#510513","#6a040f","Dark"
"Stressed, blessed, and coffee obsessed.","Unknown","😆","Coffee","Humorous","#cdb4db","#ffc8dd","#ffafcc","#bde0fe","Light"